{
  "cv": {
    "baseline_mae": 116.4933921339832,
    "catboost_mae": 89.70248375319751,
    "baseline_mae_splits": [
      159.35000000000002,
      114.66642045454546,
      108.69795348837208,
      101.75925339366515,
      97.99333333333334
    ],
    "catboost_mae_splits": [
      117.47648194822135,
      91.31308364160974,
      85.38822098848095,
      76.60327744531747,
      77.731354742358
    ]
  },
  "holdout": {
    "baseline_mae": 157.0221052631579,
    "catboost_mae": 136.70619135406076
  }
}